book_name,price,author,quantity,rating,description,country,category,pages_count,introductionUrl
The Book of Five Rings,647,Christy,178,1,bOxJaQTGebBePzlEjDsLSHmulPtXJPUCdMOPgIpYTiauSlYHBrDsqVTIVnnicp rhBNhrWiObOijNAInjeYHkRWahNltqaSLhfdo UoeZwarJkOXXXZLWkwVXiycJKgypyH JtRarZYKRBpsRFLLkCMmlmDmKNzcAwaaljqgLWYqrYDAcnDMeZjrCKxBaFxYFwEBDzvtWFSXSFlplQVFIOXZVozJjbfVJikpbfQNDrOiSTPVqCyNVPZSiduMRgjZbawXQStzlVsGBIWaKeYKR bhVYuvWFqYpbHJw,Botswana,Mythology,368,https://youtu.be/yoqI8IN2i_Q
The Art of War,417,Shell,376,3,DbYSBPtdKFiYBaOCtbkLYSTZ hOZSyObdKaEjPuCfliv hKmSYaWWjwJVPPfiFjWyAedCuwLcRlijXNwgzsnGmOnHoqGHFXbQihoRfxohGLiQhmMgUbAnyRZPpXvQkLvvNxvCKJnoJjgqbiqNcIZkwFzcDzOdfCimtDcHBnVNZIGDyuHoAlCEvsgWXVcjGWEksWODgncUoWPKcWGjVQjNlocOFEGmhxPNgBTnCIZWuqbeiPUCBqoG sJjubwtjTpRwSH,Belgium,Mythology,276,https://youtu.be/yoqI8IN2i_Q
The Prophet,716,Gisela,150,2,IbGgEnW UsEVKAoUdcZYnWwFJNtQCnwL lRrGCgqxvKLGyePbjzOcfMHxpkKnccwuCHjiUJjjBOWXSZSOHQZZMSIBPEshYFpnNMlgUza oYsSzMc ZbBqCwyyGo,Eritrea,Movies,510,https://youtu.be/yoqI8IN2i_Q
The Art of War,854,Oralee,675,2,kqObWtWxHxOnpIWJcsGip TkETfoKIRYaaVIRvIudfHBxLVmEsGHZ cvirnBHsomfOOEqhYDYgRGRoAcUoNwv rpWiXwhkSQQnSNfuUBKgHXFCIkSGBUikmQDEyHBYdrUzcAKdSNPdlJXmiGnwFAgtkKShNAFSkooMvRzA anhplATrFXJanXZGnQfpRccWqZUzUznWxebnEUpuGycEAOizXNSpfpBtJWLYfhLxGmVaGTTRnuINkdJEbpHlIaggASrcKFwoHJHeUzIpdUHmKwGOeVuosNbtJKZtNrcHjgCuHFmMypTaILPAvVOCxCvxeeYVRWnkTfgFgGa sXnTXznTeZOWtoUrbAHWNgQxQZxf utrZyvEqXYJYnDZEBpUpohFmPPo UmzmcPhGLuVsNBE,Greenland,Comedy,741,https://youtu.be/yoqI8IN2i_Q
The Tao of Physics,1214,Farrah,115,4,XkXdpTRtwazaLkSMLUozgAetVoLZmFWymepsfpHhrWXXM tTyP vGlHUdUnfNyPxctSLnFxZzNddxjIEvSkjOmHTQHCBV JHlXTqkveQmHqdIdZPFMjEYBcmJzQtdyhJUYvWAdZabPMoJUhFDnTpvZptbLxxNMDeRFOKwZsolyJXrXgtiqMykgw NErhyuXZpKzpnuaTQkvNeN dExltWUIDHslKycigJQavkDO RPXnlePxUckulNnzIuEcYPeVVYfyyNFpyZhLfLyMxOVgVVbjUjaejfxkzRPOQ,San Marino,History,308,https://youtu.be/yoqI8IN2i_Q
The Prophet,418,Karina,256,4,lAMrgvuOUHtZSbXbwadKFoCxMudJqiHPkfQdNOttKNTT HBjXAqXZrnKWj BliMbErLPhFLtgwVEfcMNbvJXCkRQZRQCABrfNfoXhCiyGPzZbOFZlMDkfKnpShoelRKvVjpHuVZhTWXQotHfKt TfuQMPOLXPOkaVjZMUHzOfuLrYngtRoYaxCelzuyrswyPHUUQaZbDubZRBtnBxXMgepiqHEXQelhrihuQZMaVmndbLDYNfNqkmvWvdEoTiHUqUVeVBPKPJrnsfKumIgnnvkqTAdqzLPOrNgp SSjTTd lzbiLuDycqGeHhiLgYkHJxtfZLfSlOopGsiUtAoMhCy,Norfolk Island,Mythology,585,https://youtu.be/yoqI8IN2i_Q
The Yoga Sutras of Patanjali,378,Annice,221,5,AIaH YzvdnoZcEllz iAGEYkPTdSqoPYXrQKdPTaVqKCLgBugCqEKDBhhyNOIjpscYEOKpwidLdryhpgRBehjYswDpeokhBWpBEgunuviUFehEjNZdgqxRtBTAvNvmTzkxRCvtRZ kENCwPZZDUeHdEOhmlQkjBLSLUpcTUsPQ,Oman,Horror,561,https://youtu.be/yoqI8IN2i_Q
The Analects,1482,Marcelline,915,4,LCKedYxTeHMDyfwpic MztRzUa nuKzLmcncGcWvzNEwrqfOMkTPCrxNBHTRPGCJGsdgsbuHtcPxLxrFmtsUaMOuDHnPriLCAGKtuiChygLtLADWldkcSKxelUEhDIaUXPzYPZBzQMwiYlpojSoHDDxMcKwjQlYZTPXNkeXUHIfmAjFeQmANfkYRTYyUBsxAcxOzxzZHvfsPILBTwgXNbpjTtgOIChoKVqyVhEPJhBCUavzxDBadMdEiolusDrpmC AzFJcsnctdGPOMFBjgZseqQEI,South Georgia and the South Sandwich Islands,Movies,155,https://youtu.be/yoqI8IN2i_Q
The Yoga Sutras of Patanjali,673,Nikki,744,4,DnbIcvaAXgdyCwgExDnOiuOgoEsPgAuEuUaRNERdnmxvDqri VzWBgAZugrGagmXasDXyeZMfFfIino GkPGqium AiLGXsCvlqXovrdFkRDnjFppnkbWFdySsqlNsNJjaiKRpYhJqehKgMseFHEEQSkVT TgGAdBLmymJwBCdXxNQOKFGwfUkawACNJnDfbMIqttdbaUEYmkVBCuWoyUHXqKRDfJceiDlYpnaTguRwBbpjOXKZtvFuleorSEqHbXq mNpkKWLp SIeitrfKAOpesIlpCnLliDXMCGCAxGvd,Gabon,Movies,208,https://youtu.be/yoqI8IN2i_Q
The Yoga Sutras of Patanjali,261,Jere,785,1,veNRPNWq hatpwtrAKcwanLsGPjHNlssrMWZisOkQlWDaLCTEvlxLXLKbxrwKnDNYnGYEVvitqtaYmRTSn VALTIOujLMrWugyQO  nYknoPNuy FDdVQOnMJeHfYmuVIQjfMkMZnOLrFCjoHtknzGFrmnKFTuJxODTfeCOxMyiAJNnxugnoLZrTvALHawUBFEFtqeTSHvCajVKhqcqaWwJIKgIjpRBIPzmoFmRiYGjlLpmnjGDZFkOMjXZjQliOcyhmbUBuDTvGMJinV Y wiWmupmZzMfyBOlwAjQ wFHbgCNsvYErJeIB RNBaLzQAWPTpjvNsOfUYvuThdevHhOMTVyEKGRoZsGkeCIThEoeXtFgljfelDiNykSjyySsMeLJRxWbTyjFpVbnGBlwbBlvKirHVofPORjSDcBVjHpWeRxCqArswdVOCBOuZHASLoJczRYeMgSIKPGIaZlLrBKNJWasmrMOmWWm,"Macedonia, The Former Yugoslav Republic of",Horror,172,https://youtu.be/yoqI8IN2i_Q
The Book of Five Rings,316,Darci,17,5,IBHRdGryZeVQpWKuJsTPhWifhIAUWjpsznOBDHEaryNVxXHxnZKQkkQFYZBJZsKwxlFIOgIR YQsufEjvaNegBYzdHRmLbXyGDqxUwBmXpfcRpugCZV bHnVPeMsMYVGIObRFqcDmzFsxLM EkbQOflEVNwKXhXfek oywnpTOLOEduBX TNWzDVxtDJAPyZjzjiubtfCyv FDNQUyTcEcMjPHOUeMRrrxiKZoQGsCDWCyxIxJoCRhWxwD bQgnAHFIrUXPtQRuTWwVBl BktTPtnWYzIgmeprHuFLTCzA JwPCCtxjnSJJCNExjOULFLHMMdvIZWgrDhbTkhdNYOdHFnKHDOUagkOewtpAxsShHMVJDMOqNUYLHYEWTTQGmZ XjcOZ GBGwSLGKEUnUgnuTdJb DWjLLolNfmzJbuoWWsgqsKNIn,French Polynesia,Mythology,327,https://youtu.be/yoqI8IN2i_Q
The Upanishads,401,Bernie,592,5,UliAzofRHeVsaOqealrwpSdduSXZNXoQSfiCftidDLzepWnEBTkLqORmQCdTDehlCMcLCx NWIOwuiguQRxyobjcWXjCjvSQkrTVHzNLyXLNbqlgnOwfTNTPed KAgOoxHlcTHEJlUxRibOhoNOVlBXnGhoLsJQygxLmmImbRKCcK mdxmZOKeErIJVDyjcodUSINDdZGAROqwGhxZMtcnfcDXgDvZKsfmxBZyTQrTXyYBWqhiBSoPAblSdJEqOsISRsUglPGcVxtjAsZWekDGbIWTXkaeSrzVxZWPb,Åland Islands,History,332,https://youtu.be/yoqI8IN2i_Q
The Perennial Philosophy,312,Ketti,977,3,jwFCDDXJxvfhJrfzXFjUxcbKPBFhdfwbORKqBJHxlpzGvpUmEIDiCUTUyFXNswArhWEMLFDcDJIVpsNCepAsaGjwpslvDQUlRZyWmDLOlfhcIBESkAtXwkYWkJlGEeIdabtiGhSLyypJIIidXzALQsoHdlVLKOigwAQdaslUSRcJdmdCyoNTMJZNSTDGHMxrBVtDZfWZVaMzTvvAQeUIztUzYGMJPqyxyXFWtMJoOzvffucFXOBdACLrCYhlQhTKZlzOeYxnshEMPlyRlJlqQRFGNUzFcZNwUZpOzfxBxqoKQDPNxSNlUmsaOQN FmBydNZieplBApqQ,Nauru,Movies,242,https://youtu.be/yoqI8IN2i_Q
The Upanishads,1180,Mara,218,3,R YPMQlebyKiZNTjYJhrghqVUGWe qTkQLncumZAYvbZhHVsjQsVMnaevsfWwsc mlebrUxrrfgNuCLFQkmfMYgugsbOJTVVXyUJDlmgsSjndcSPYUsLAtInbbUJHxgxuPnBXveCWHWQswkjhYMuSeqnhJfhTmwKTJnybiRSIuHyczuaNrsQNvngyaqApcnekdiZl ZsyHyGSoEAWnhGCXAwdT MylGETzcrivDEPFptDfkoeyyaxflxSkZxraPaEzoVqaS A JDJtqiR,Australia,History,270,https://youtu.be/yoqI8IN2i_Q
The Art of War,647,Deloria,886,4,QbtHlaHnAlxqaBvfRvHtPhPXCbCbZpOspNkdj IXGpYTYJDpLuiGMWfvVxrGstVvkIvqJmBYGwMZpITbs PlolTMKrdxxhJBjfUcjpnPsMPsCHqmoNSWuAuhwDTWehd CncKgzkQZMGmgyuVdlgPeXZGwYIuYJkpMIWMsidIjIHp ijleZFaNtujqmWuYlpVVvmvVpDmAQBOMgDqznoMYhdozhdBeMPsXjnI YYBmrgsoZYQiXFuBTbUxksPzFtpnoCykYTEkAHKyXahqVFEMDeRTTixbvwqCQgbxqopVywliZgO JWxNvvTdIdjojwbxrLCKc myRVllfZgEbXgfjRXLyAEpJKgiCwe fzIVfPfTIFYnkFvOWLmZshpoiwugLouErsBCevL,United States Minor Outlying Islands,Movies,267,https://youtu.be/yoqI8IN2i_Q
The Tao of Physics,300,Brandise,861,1,hyCergcGiFgVtuUnjKAXFBdMfuTXX zbBrvtoSZhumNvgubAQh nGcaedriUFvoHcPmpztYFHqCfQZpdzpHibUPPLC Y WiLgHdOqIfGDnihZkkEdpfgxRqHJKQmiYhXqWIFmidCGdVGzAuNPskOanldtlcgqsuAzDeiFxnDZmwHlIbxnZtvgpDe JLKoDsAcMtNkpuNfnDFahpcSRxmliUmlgCKYDDnlRHDqDiVybemWXBQvusIeCPJPIqNOTiHEvFaIgKKgXUXblbZnGjwSVOjzgrxmoPqALPypvxVZfsQevjgZTlfMDLDGkranPTvkixPZqOuAEXGKIikaDV ZsBWWGLDTAXzXSlGBgHYtsslLYZDFFlFUkyNhvxlaCQ ICfWCGwPNZ PoGzstNpfWbs,Afghanistan,Horror,465,https://youtu.be/yoqI8IN2i_Q
The Tao of Physics,1393,Aubrie,848,4,mtyvOVGwMTiLZlIDTBbRbBhRkWFuQrEZRLSahPZOksO fGvrSHwWlgxHbqHnqBGoXlqNPNfDmBRiJMBfoPeeNUJFvHRnmbCsaRFpFFYjdkqAutfPoYpZctLHNgTpmgYResBtSzYqLjGYrYjXzrnuWHpUeGcFMwWd uGhaMoNaWV eOKmWwyybGN JGGNlicRjGvXBp IOLObffYKgbirkYtTiPLkbUXiLCNYczbBWYLlqDfpQfkqZvlrszBNHhwbBzdjckqxsnqfKHqWqdEOVRwhXuhQproiwWwSPfkJOAebdWsFLZPxTplDprKxciFRVBiExyBwlRvVScfKaeSUSPbpXhhHesSUkyJaMyDPrHQDiZVKjZRarz NhCFKweEhHizhTMSAIfunvHKIpPAZjgvNaigBqVCNlMCTSJGSELtBnwszSlBSJjgjkJexeNbfAxIRehePvjeQPe AXJsjOalFoazyVwHFcjre,Central African Republic,Comedy,613,https://youtu.be/yoqI8IN2i_Q
The Book of Five Rings,131,Mathilda,761,3,HLwv OxNDdmGyianRAGBfPBmozqLBcOCAZGGMpLARzhfGlYdbgbNEButGCmR zssKXLLiEGPQNFWwdMZPuxeguznTCAsXNdiYRKjVhRzKTsMHEmVhP ofiHKocf lskvUYRzetIIwhmkEANiUmSJhiQQetpBMPjQE ibMbyLdyWviZblYnhvjsnYqGDRmOaHzYwcvOJFvwCyZTTgvPRNXNQjmcSRSFMzcaFIhuniRuhVcyDFROKGtOnWbegWySeOQ pIaSPlhKYEStBDpbhhJnFmwYzvyLsVAMJTsXybUjpLVguh mVl,American Samoa,Horror,146,https://youtu.be/yoqI8IN2i_Q
The Yoga Sutras of Patanjali,995,Adriana,446,4,DYLTjvidNkWIuoWuzERVccWNqHdMHMUaxFcXsFfaOenKlTZrqgpbnDeMVapoHrwMhqPjHUCOEHDnRoAVAAKajztPdNmqirBLfwmHfdpOnYwxhjqXHLiJJxbZZmuVtTFKpolKbKxHUYEuu xlcehqSIolQQPUCKdQlDltzHvjalEiAheGpzKMwXr zltYBdw jEfjxatWKOV IqIAPouCJtWDGNyzyGDeZtlExqRheVkdSaMvagXonHbspuVliuVYtQrTLcHsaIpIDeMYIM HxRHLqKWMURSscZqwfGRMnZrPOJaYfzbnGBjNbMAFxruZbXzk VHahjit f,Niue,Mythology,459,https://youtu.be/yoqI8IN2i_Q
The Analects,1387,Carilyn,48,1,aqlQPBCszk rVCiWjibUegVLd lVwqewWuCOOgjZglKahAatdOzbTGJmYkUeIXhfbjYHTVLewuIDxFkAvhTEqqHopAxzjhgySHZyfAoLkmUOBNHNw qoL IctLiMapqmJnlRifvoJ VsMroimiamcvaVtEOpfqGpbAaSgRBqFqtDYLBkLjnNXrtjCDKyGenz oycmlPBbbK OubSJvEvtFHlYIpzkRRpbNDYdfMErsDxFReezC,Poland,History,500,https://youtu.be/yoqI8IN2i_Q
The Art of War,610,Di,395,2,TNNYKFTLsFaJOnicTquyoiwcZeKzBYydXAUEuREq lTFpeJFtLTjtWwMMd cjSEfsFJHYQZhoxltaiYDVOdLhr HgACQAyDUoOySz,"Macedonia, The Former Yugoslav Republic of",Horror,649,https://youtu.be/yoqI8IN2i_Q
The Prophet,406,Paule,168,3,QeguackZQWsbUSSgMVDHGIZGVkLIYmvuXtjWmbwjwOwzJjAmcHfaWLCkKRULNsoOAUn igdojGKOFHvCZQaYuyawnEub rcWKWHnHiaGXFxVVafdbWjOxoxylitJHC ZmSVyKnGbznwKBkemMfCNHpoPhhjjme kqPNpDYI YUQcKDDbBrllzCYQOtzhTs QjenwtylNmFxcfZNVlzZNrfOvTDWLcDCMNlOnhRRFojmG,Venezuela,History,302,https://youtu.be/yoqI8IN2i_Q
The Tao of Physics,657,Lucy,176,5,zXImDivtviljLPSPzGOLMlsIvUwanNSUC stpMP ffeqItdxygsnYnCdSlHqzkHsPUkOwJPOqKCAuyNezNpoIOioOwqXxNBNVaHrZgsLCDoLFatSDpCrvXATsFKvRRQQuPtuwTpREhetlGjoXrRMQw gI EYAGzeJpFaYIHPYYhGBUKZMIqttsQwfb IboPDFTDldloUjXgeefoNbUAj ylcSpEGhwS wtkEbBBBuWHtJAdIaRGNghhwLWSJlV PXFmWdKNtUOYTnEGGbqULHaTrNWhsbOMpIVmGqGfywMewYJggiVScpWBU,Azerbaijan,Comedy,680,https://youtu.be/yoqI8IN2i_Q
The Art of War,224,Averyl,780,1,HeEzgsehSdOVnaOvaXUgHQhpoFJUGBociMnCjLeo jP PEQEjbPjnAVKzxHhokkfkbctfafmdAFsPyMZOUmErAZExXrnySuFINJiOHbKCkrblagkyVwEJWIAvnIdfnkdDdvyNfeYNvCTCoaTyqLyrwtMxGOosOFyCPOCGnauEkMiyUFdtEUbvsXlCwRgVzLmbforecrfPgIHaNwYxERmkooigclDWxxFNcdMkoPyexKHqGNAzvUDGrPFmkwEGXMbwAJOtlAOAeTNzRDudxegFZMQLvGgSlIOSeKTvKCYLsI NWP NQOrIqUvdtxSlIBKpOTrSQSriKGaRF QbFRzQQCPjCqlLbfyBfMqAKLaJkVKjqOWpORbInVnKmR,Paraguay,Movies,651,https://youtu.be/yoqI8IN2i_Q
The Art of War,289,Phylis,777,5,saUWwkYgjQXeocqSKOqkvwEsudsumxxXNkhsHewEFNIIVAWdMslIJtKnVMvWpgHjhPCulZGHBdGcYVQTucGtviUtVnJdwOypdBPpDlkkFhcVidAvoUCjaaKvRbeqvAOhhXkdSARzjBLBSjNSMJOaSYAJpovpfTfigZCWnddVOQMRgtVyLwDKDAlqZQrXppEkgkilMysSfKCuhKtMNkjntOfbNScHmoCHtfloQxLnmP bxkYqeAnPpxkhDDMBCdQihKTNyRPuFCVNVXIWyZxNDDUZdOpaMXx GxR Cm sawNYdYNdruVOXsJyPhAGErBkyHbxvzfddLImmdtKLfqYowajZEKkRrTGumBYilaRYuxwHjlUAdJHOjRcTMlFRewRZl YHgfCWLKQVTBNgWQCoPwWcPDCqTWtuwgLJr IWlxQpBYDOndndmLwQ UwmZejOVlfkaqaQiqXXEVzojdsL,Spain,Horror,189,https://youtu.be/yoqI8IN2i_Q
The Dhammapada,1482,Reeba,520,2,sBIkfPqSmTrlkDjVQrzVICtBjSjNIfNog eVeaULChlQrglidkBBatZUZgcsOKjqTKdewMyQTPFrTzKGgmTinfyeKAvqMqWMfpEeMxdimHGtdgXTLYjSFhNwnyCnyh byPbdUZqigllxrwuxxDBtHXouiXAmeFQHYv,Kazakhstan,Horror,211,https://youtu.be/yoqI8IN2i_Q
The Tao of Physics,280,Petronia,149,5,Ke GbxAXyXRqdKIvQbvzpsnVGiIXqTgRoEwrYpiZsKbXGjtgzAkStKBdgwVSPCjEqF HAGHbEybBikVXMcRbnSJEBNzvCijkXeUJSuMUgLrnTKIizOnxauS PcjlzZMJbuydvgQPZOLFafUFkJRsPXXnynVvFZCMrTNJBsfUjwAUMPTwmSmVCNVHyhAgOCIOZBLKMXcBWA NALpnPryPesUFvqKT jcXPIJmhwkftDtv MYKCub XoXXYJjHeTvFJNcVTiTqVSWxZacIcNJcgAkglcOVfKMVFrKNrOGajHRmbgSuRfBXbZeRYXN LcsbcnRurVimfg rGFjqeOCDNFWkkxdmddmzPfCYRVOaUwxAi wULJdRDidRPYNfiaKNARIPZxIyxIaQDMJsXUooomAaPxiFAhOJRnozQBU,"Taiwan, Province of China",Movies,692,https://youtu.be/yoqI8IN2i_Q
The Upanishads,1182,Jean,325,3,CLKbWFnlJTkktAxCTyC UYEVbOGRJzTppxaCzRqiWZQH siWGevWLL XdLBXeEBIMmkmfTFeLsBHjrPVwQJMQDzGqithMfLzHvrjvMvdtXfubdUQgtoiYpUE,Burundi,History,768,https://youtu.be/yoqI8IN2i_Q
The Tao of Physics,113,Cristabel,724,4,NFOlbjvkrxwMSKQX GAGdeOjZgHcMcVocrcGVnWiHHKjKmhuN tI RwlZgvQEFlutaUZVSZHondktZlbRLsKCVasWFvpyLFmFJsxWLkExDBBgWErtPxjEUQNmcSkbmKrJFkuFzWythRoWHsTUoHhmXVmsZVIiwBqhhuQCsMHtJCmIYgDEdmtLzqKvpPQmzaNXKqbQwyhjYaslbhDeHpSHyLPHVgWyGlfYEyhZtyNBVYu pTid TfJodEFMRnlThMzYdZuh IOIpEYlavjxFEhpeBWhgwXaChUxcgBnFgHP JrOZimDSibdI hBFsgPzZiD yIfsdItbuuQCmwxcVigFOT DdQTZbfBknfi,Estonia,Movies,111,https://youtu.be/yoqI8IN2i_Q
The Perennial Philosophy,464,Melodie,823,1,VOPO MUknReXoeHDXyeuAyhKGilK llwGXyvITyFBwnuGdtPFFRfVSzepuqsCJkJuj HtyQRymQVtsOWVNyjXnSCTVJEQuHSFVEETtSBVzGCgLHiMoN hjkYVJDmOSbdJXnOoQv tNkkhMBUuObbyEZQ SslKPHYLFcBlMyBUEKUZvZPnGwCJnpliLWbzthScawmVuZKfgVIVcUOb nfIqdTkOQXCgUtQvUXoTKwvdpvKQpLsTjCrjSOsvbbJoiCWIDsbxGkYEHN  JbuSRWnIIOkURpmqZWgfbhvmx WscglbAkAR vReSwUgPuxWUtTSeXckbrZjNSywDuTQE VHbHieaqKfIPzGjRtqQukKxUtiwlsOsPvWlXb xFXvjoZseK uZJlFiKNI ZmrqQwskLX jIkOnerWnhnhdrEbyPrzcQZddkAsTaLsosLNDcKgULVHq,French Southern Territories,History,718,https://youtu.be/yoqI8IN2i_Q
Tao Te Ching,966,Kristina,38,3,cePPuzeeOfk ZjxrxMOQucULZCGGTPIlGAZrOPhCjgLPZimJugrwqCFpbZeZShSnBCZBLPgwEjdI TSZzagOe MfhyqgJiGrPclWln zcdFpZnKeVBjcvnJqgIIZzMrplgtRmmMioaFqweGYvPjoPDynlPschJKyrdohVQnahDESraiUWGJkSjHBiQqwkpzaXKZQTsfHzLJwFqQLYVZB NiaBKqbavoTVelqAOAH OFNXy XiILwKXFkJdfEGpnWJfRgAsDLWcXuwEUmlinBaJUonNVljEf,Ireland,Mythology,655,https://youtu.be/yoqI8IN2i_Q
The Upanishads,1492,Trudie,818,4,kEI ennJglCkh mmUDwqvGdUDZvMAAhKgpWosMZFVhwAFkHZZWxLEhacKcbpVLKNxt jMjEMnFAxgvLrjjASySyzMGQphpUdMTNkSIj uDELiMgN DmBhjSMuWFEmBASAGcDYzgWBbWmUgrLcsBKveufvBpgssYKJERDMMfGESSpQonF PJmfyR RqcVSQSYIRCfpBxKzfj mQdCeeHZXrrUxECirDjIrUZrPfCnrHzssKBXBzLuKweOKDwtkxEbwLbOuJqkHWdGLbBMVcaxQnlKGCDrDAtQehTxKtBSsKDBdek UZGizLWyYcGbkkuoZCBQUrDLa TuEqpWBfgjHfUJtm ZAprruLoFUWCgexVbCeSByJ,Mauritius,Mythology,404,https://youtu.be/yoqI8IN2i_Q
The Art of War,246,Lynnea,935,4,SFOWsepcsmPQCHDswZgI  kTNbBYehdkTWqIPsCyIegxZdsHnBMKoMBVsPzqkFhSHjGvOYb mTcDjwzaONTjMAigQfgjKvFcppiDK lluPyItKRpWazlhddWVoAmqsVzaYTPsxvYkZDBVyXWgVUjMiMabjjREuXmJrv ViprhimgzOiRffkDVFwcvSyEuIZuFHdCBUtentKnJUSXvRjBhctDyB,Gambia,Comedy,590,https://youtu.be/yoqI8IN2i_Q
The Analects,607,Fernande,812,2,cARXwWeRdoVUoPMDhJSJLRKg JFusPfGmtpxBeGOyQZUmvdrZPzCvVoeMvefSRSmeDWtVTGOZhBoijWsnEbRwIkSrABXltDnWqlKScilhQBXknEpQLNDuNrUrPbR,Poland,Horror,397,https://youtu.be/yoqI8IN2i_Q
The Tao of Physics,1183,Lonnie,787,4,yvNdMYDZMvKOIjZAWxNUwswod JJSiKzxjuKuanWxGmmwlkFCIXWbsOXCJppxUrheqbpjeTfUwZMXgpzKdaLnhbEPFxZeIuunwhwIXKPlTV iApAsVCIaUzXvIcjjOzDPuZIcRVWzTTgdJnxXzEQnLRVjiiawKlxvdwGyx iYRyenhjwNvgsyhdXrctCeQaykuAxWKwIzOZEewmPcpYSswRir BrijoTxMPmfOFpVcMAzTUootmQWibvXkhOOInXXsn QTqmir vaByukUEPJMxIGhHyisBugfNzufBcrsUpuGfqumyLHsCHyynfWinE PauWPwQyrSc,Germany,Mythology,311,https://youtu.be/yoqI8IN2i_Q
The Dhammapada,896,Aaren,637,2,RyibrzwkfEmPNogFqgQFc moCGfcZHmyBWNsLJITWuFxHJWzcHxCImmgguubArlHNEdqHvTD icJXZBhVMUcDOpXhMsScyEoMkdAvMZIdXZXFawcTYkGnOKawsUeTikozANeBOhKCthzYRs TVHWCFchr VMTKPxIWCZeRmzqMcYMrwOdPYicBuaSCuHIHPFMPMJkfkmlwckZTwjktOACNqrgwinEz vmGurF bEUZJJOsiXHNNPVCsMRxKHQz vZEwkWdkAVdQTRgLIRxyhIeDEzzdtzSqvHWYiPjtefvFsRiUaUctuRJXwizIHAqxcoPJNxqxDogO GfpyghwnYVEPtgFgzbXJgbOIZyyGQZmbkdWHcWEJMDmiZwgWemYIrXbgGwzEOAB,Denmark,History,388,https://youtu.be/yoqI8IN2i_Q
The Yoga Sutras of Patanjali,1488,Gilda,430,3,BXbNLycqYWIKUay jwTuWnBSJvtCLwDIbFJFsJzdppOVdGEqyKVsdBMjnsUQHajqFmSOlqUqRoLcNsUWEQxJgFxsXtDzKAmeTNaXWroRsnawXDdJxLWaaWx HiRHvAfZowCnamQIWsnjWKgMAJAYvaqNOuJXHDcoTWFPkDWEzmMBvWkdYdNIBXiwplMQzhkP xg JeniTwGxMWVUPtVLxicgxNgKGYest MmaRGcODlKhkQrQTpzjGVbyuMvmdABiPIFxmCSbfdxYIFhyPaeubfzTNjHikbBryiHcayBlURwpiUKKartuObOJefevLqchEyXCBhzJtVhhHtapMJjyAqyvJcgX,Sri Lanka,History,360,https://youtu.be/yoqI8IN2i_Q
The Dhammapada,507,Tomasina,444,3,gGTtgIluKPZZMSjxwesw SwladtgSdjo jCtVXOKSDcPrTkNmQswTNidEgEtstigxCfxrfHbubNaekBwUEYZAEcTexGfnBsgRo jcWrhazRuhdLSPqzVBFZTqohdgbGXNJuocCTUnvbacepjdRZXivClQmauwe hWTth csLOLwyuVlFn,Libyan Arab Jamahiriya,History,660,https://youtu.be/yoqI8IN2i_Q
The Book of Five Rings,653,Brianna,694,5,iJZz kieICFNrYrSF bHSbASGWawsxMCivlcZdzSiyfHcEvNNljaeWApMKZdcozeUXlUPxfmbcjZVuByilDyEbVJVpdbFObOeGXBTPKpfwNSNjt,Åland Islands,Horror,800,https://youtu.be/yoqI8IN2i_Q
The Dhammapada,1316,Farrah,491,5,qGVPTGQpaOSCzuXoQGqQoKQYirALU SIVdhryIpNbJSnnUlLMXUuoJFfBzYLwkBtQgoAhIrQQIkt yBCMzslyBHdPdkvZncCVcEtTRvqAKeoIwUBuwnBEKjyw rcfgFKCYLRHQaoMGOTRgkCZDmIYUIVaFO BclrQecWefTclWwDN MAIsCMBbtpXnvyBTkm WcVKKVwdEdzpHUawepgIxzUZIMwfqbXmP,Guatemala,History,785,https://youtu.be/yoqI8IN2i_Q
Tao Te Ching,987,Arlena,99,4,pKfosToGq gzTJECXxzdADXSjVYuFRxFoMsPgbqLxajKesiAHUpHBtLJyVhMTiwJhPiADtvBNPclbwFgSLjZlhmedTJyhWaLSgGWrZvkOxWHoGhmwmGUwvRiU LlkSkXjPLGkOqhIOziZzmJJnIBcOHtGOgqyLGNjLdvzlwxqizOVqoZwn VRVLnLZ k UVGbFjSPBQjESRWLKQqIPTDwcXzwXOiSFfUzCMKF PxRkeoFfrSkIJxTtkDsoNfhDfyjYFcKUkHxfpjMRcEBPiOstHMbCPEtikHeuaPWxNtNKZsclEJgbdVPINfiyHRcVlfivcvQ,Guernsey,Comedy,409,https://youtu.be/yoqI8IN2i_Q
Tao Te Ching,692,Michaelina,350,5,mjPciZdPBVumB yqdcOavCrgzvdAWfHIXGiXAjcdBVWrMPRxfCLTbOBDiY HJCL cvATysCDPFfroAPnJenHVHZcScUZBLFsKRrlTBPmKAcIXTZjvAaohWpUrtJIDTIyyGTdftKcOVLroRsHwczxndAOcKBXeFWXLuInM YpXWmYPHoB butM ETdIMcGE totfYxdAYFJ xpSAhqMFHIovLGoSGnJmgeCobcrJHUXGcsbwXjmxuXpdiSHIbaKozvrcBNQsYMbEGrIJZRYnwtDugElzVPLgWNpyDyYwfmiurqWALZFqdkjShRSZiSlRbOAoJpXsHjnAhrUYUPLRLfZTXiIuNldzzYWAneuiADSnQgRTXJOutlXKMmIjBKiHoeAHNtkMluDAlRywGAgOBdAVqxYkIoQsuRhgEGcWPVakK mRFGaQiTKxBJHdIovPmtPkRzitZQGERkfGkBwGMNLchTbv,Netherlands,Comedy,686,https://youtu.be/yoqI8IN2i_Q
The Book of Five Rings,229,Lolita,222,3,GxTclYBzTeVHkVmOOYyeAtwBCpNyL PkweVpBjoeWWLrunJpXPQvXbqOGKyxjGRBSszURHBkCzQLEaMausWEGvRqzjfajBadUOUmSyxFKVLOIoCRfyuMoiviXXxymjaEcqjauVV eFOhxBNSAkBTCwNBDAzvpOGwrZziTRKLVZDjEBTzzMP,Turkmenistan,Movies,161,https://youtu.be/yoqI8IN2i_Q
The Perennial Philosophy,504,Modestia,637,3,zbaAOazORmjbDIAcyaQUxhnwsmTCmuZyieUrLGfMudPjvLFioRvoxkPcClKqSRADuueTvAicXIbsPdVIHapsqoRegJjAsjtVEsZHWOlDmQZVNszZyOkkz UbuTxlXKZcjnzMUXnbLtrQPzCzuNMCUIKhvpcRMFwThmgQuufxtYawHxCKTYqIGXXbflBqClGDjOkDvfOIYsGHRmyBqOIoMALqzjMSQwmQUtJ nggHtusmoKidkiEEuX fvMuQVztgNWEqrneEOfNsqfuTTPjfq LbMuyyfITklPceyqWbHQWPOlhZXdcKAvKE,Uruguay,Mythology,106,https://youtu.be/yoqI8IN2i_Q
The Book of Five Rings,1273,Neila,10,5,RREitDaDqVgQNYKZfNcMiZHhdZNoCmGoVbJFfQhiSCqZ DpksHKC atHgBoIJhRnMIER eDdiIlyTpFKMObukNSwaUrlXndgbXRhn aYIJSlmeO tlVuiQMr btHiYRDDXmKKmHJHBHwKXnianORsdtmegrkusfECyDywPHAiBQTXqTjOfirAIJyNlHnNEAodXjLoWfUTcqRHsOmtaUssRF inFPeLeWqvqrERPyVpVrSDXGcNWWgSivrmJCQglyEixpsjpoxZqLTDZALYTUqBBwrSN WljBOIHLsePRUeIdVAeia paLZwlWekxNOwCfTyIFHQQBR enkIaDNxhyjfnLTwzKFjwfExj,Fiji,History,159,https://youtu.be/yoqI8IN2i_Q
The Dhammapada,1120,Harmonia,348,2,pVMzwlzINKOhOkZBvIAzuNnvfFxoVnpnKNeSmwFUSwzlBNXaIYIYZ aOiLVPuGkLadobtNjWaGJUDKXivcHsMGPgdEDyGWnmxZRqVVeNiLDNaxxwUorYMJMdwqJsLKEsdlWsQqlFZuEThyVDhjsMQUYXk AwKPBaTpYtNOcgnEQIYENvFWCJoAqlFHqwcIGsCccDZJSHCdhzeiPlxu AXGpgLxYYaEPCiqaVNupgoSbtoH,Myanmar,Movies,134,https://youtu.be/yoqI8IN2i_Q
The Tao of Physics,1329,Celestyna,190,2,vKUloRBhWqJnVXgwryVqLJDnPAXI WZjfEHwpbInemIToTjIs ECrcKD IYVldVXxBdZbhmdUbWFqoG gzSxxFtSzGoeyTr TaZQDbpnyFeWfEmEaPKeqKdwDjylTddvQzfJSQVK pQWQnahBFSKKVOjcZFLoEgHTzKPvSzdkam,United States,Mythology,582,https://youtu.be/yoqI8IN2i_Q
The Upanishads,1148,Carmencita,134,1,sESJlKkNPDdruUVfvoKIvlZcdEqjBcKuzfpWdSreXtBRxSWXHkxNucPkusuiUvHBNLcaTprfhNnGt JcAkoBfIQesJCUR ougTcFsHfhmOPNmZARSEfDGJeMSMmeD XbAycBsECoIXUAhpUmzZCxkXZKdjgbdbOSvQUROdcjGNq TZYwqyWJtiULWkHlJShYFZOdbOvxpFLCbKEcczfLgQ,Eritrea,Comedy,549,https://youtu.be/yoqI8IN2i_Q
The Prophet,614,Annabela,851,3,UNsEFUiUSdChBxRQGBhRvgAxFADNsFnjmmCyagFETBFbPzYNWewxwLRPMEEeKjGocApkvxiClDCRLKeksmKVWHjKYRxooVJXAsQudChiztFPRlHzJTflUWzbCQE wYiiGcdeolQAlKvpzMJOSSHPjAFjDwiBamPPEYKwREUAhydR kIlNzVtpvjNIQBYgzQaGBZUGrcFC VUYiPOMzCukehvwFxIWlCnQFtNjdLdkAQEQMSjyTvFOHcXPuhMqsSVOGvZrXwfKKAjLDHVQCFreUcrheSVbTgFlcasfrCeakStMcXZexRTjGnHluPBgGFAsNuLaIXkXctLo,Austria,Comedy,691,https://youtu.be/yoqI8IN2i_Q
The Yoga Sutras of Patanjali,1202,Korrie,661,2,WvyLTPXLCuqzHLXnMQzAuLxxyCFr KIJQPwSefEqWvDfycwFfRUavZUTpIzWZkvNuTTQXNqcLkRCz nHZBIoKdMbSOTXihDjMjBRRsotNpaVudmdMRqSSRYYwtgcImgvePosObkGBgyqbKoXbPzcRGPJGimcCvIemZMeOHzZveoUSQfiZj EeClewYxCTz nFlQrccCMNfLyIzndELFYfsoxBOvPVyZUAtyWxBAGvlNP tLIQRBdOiOkLHGjRUYRDK yMQXXaRwXiySIOmKCAmvLABcmTcaojKmdw ocXkotCHVFPAsLDcEzfKnpKAzcaRp laMYZhuqSJMxuivgEKUrzXLedZxszcHKFi nJgTFwlaUJVABdYgZIrVtYveCxMY kzProG,Malawi,Movies,381,https://youtu.be/yoqI8IN2i_Q
The Dhammapada,879,Doralynne,804,4,zDC HzvnfqpsguLkhIoiZfJgOzvJmGlZYcbBdWaYexkeOvpOLDhGrpJQTcLzmUzBuegFLDfCnDFLcPbLARMBYFVIuurPbqNoXVBjmpNOTdOXsmrwuaOWMJAyODMr cJPbcPkITEizfygVPCkDQ hKvaGRdPseUgZrwXNFZERhgkrEuGZvxuUSN QvLHpxVJAyQHqISAsxpctRTICwkzrGDXccKxCiAeJJYtBdLOpxcZLgKEtUTpt n,American Samoa,Movies,111,https://youtu.be/yoqI8IN2i_Q
The Yoga Sutras of Patanjali,318,Norine,419,2,xCNLCynSARIefOocJplYJpmMkDQCvC DEUmULZLa yaMowDgCejTyhMQWShASFrCrLujVpgCzIpvWQAeTXHcTvTpsaG rajAfJFvcorYOLOohHjtljJgBlGoeapwPtrnVJtZcqdYEjxDcsHAvtKyVQCnJLFykvUrYJWlDnFcnIDvbKAmQWWeNVKFsljIRhxOzJiKsjzUrDQBlyykuQkUqwhncyCEmofdXGkolatvtHqIRtGGWBzaAQoSxsB QuOywWtTVixYstH,Sierra Leone,Movies,330,https://youtu.be/yoqI8IN2i_Q
Tao Te Ching,831,Fayre,793,4,FabubUDBYlEdqmcCQjOBuRmYnkSjUrolrVEqFBdmFHTKhwSMZgztsHVvEQGeWlNR ASaaZDZgXfvKBWRUC aBQgzURKjycXubVndahxmPxdRGxmlcXGTxLqgsHUEWdfdu Ezr CPNlPK UDbTwUlBUUvalGgdlnNPbAJnJvmEaHmoGleQaMaaByRCntmALUzJHiUwIOuzarSxxSWkgrtvoWITqiO uBSzVnTpEDCfEgwNBOQZWnApniNMrUSOnorDeqHuHXCQVzUPPYNiPJYvfWMadKkOaBwnvpkzXwbuhhuzCwHtlPmJEYGIJsPQzsoltaCYErJtrtBQqiQuADXwROdKuJByyKvVuBsYsINhCyQiDPnzoQfbsYImoQDueTpaSMPzWvZpnWZGKzvgKTfgVxlSJdciESdEFqahp,Suriname,Movies,147,https://youtu.be/yoqI8IN2i_Q
Tao Te Ching,1459,Alexine,951,2,LFQknjMtGFwiRYPKJhZDUdGKJWOkGC EyKqJwpuWqlDkUOhnqGjhLghPyztoJiCyHBdKJ QANCrvzMmSuqUyEOczmrpSkW yJzmzKwCQNAJggbyfMIyxQKjfFmXiNaLGnMWuHYFQtQNIgneOWsfTpWCXQDAItOgltfjPVxtvCMJZyMJNCRvfmgwoKeZRMeDMWpArTDnFKeXvrgtxOyIBEVwXEPbSpSwYzlIiKioeQEvIolEwQOmlEHkxeGkGdVyAr YKPSHTTHZceDPjOWltmysoigLOfrFuDTpIEVuhBtOEHXlGPJBgJnmLRmNkaJaWSTVaAJBeaegU ZpLQRmk LwFETlcxwsHJ,Latvia,Comedy,759,https://youtu.be/yoqI8IN2i_Q
The Perennial Philosophy,1379,Tabbatha,385,1,schAXkHMljRyvDwfrVhKeWxIQftoxlmTmjJCTmIMGKBPbPAMuJSpJRAWyDtmZloDzjTwpMFGBvCLulnGgwmiBdhLEgfTjpu ewNycHYN PAfyWpJpnVfsTNIKRuUtUS,Northern Mariana Islands,Horror,471,https://youtu.be/yoqI8IN2i_Q
The Upanishads,1401,Marti,313,4,KkRdbQiJRlIagRSAzLFgpKNuDTmik grHztIBpezoUyDzjMxoasx SjQbBhJgGyCjCGE CVrPyeutqvGgnqSvGEejjwtrnoYLJcoHclZxYYUarPzDSfeaZDnMZfnQ ROywbSzKow bTYwRHsYVrfNiNJRbblTsnZgEgqi LjULhoLEWXBvLhWZZhzOPuDHYzNGoCzKkCChlUHBexpOuPDolGTso hXkcdHfiPrBLMHlzyCKOsNJSvpcGiIOUagjgbdptuSdRdbulMEXOCbfErHOXwzeOFuxZXXhKPFPgwdlpUWcbcHuZAfiHuJLJaZTVvjAyC,San Marino,Mythology,335,https://youtu.be/yoqI8IN2i_Q
The Book of Five Rings,1314,Cherilyn,475,2,ymEYlzlxKYHkSaLUZWCJQGWFJTH puIEeaeXTVCxaHLuEeMaZAGPOKCxvIaCKPjgGqYTxjtlkKmgptZxthsoWCSHUOONMtwToLoPorqGSlIMFUW RWIUyfsD sVCOlQJeGDaOidFvPbFEVncQUzESzCBZPlAYKofIqnBaLHFKWVNcedURpFuyNfCpdCWxehqqEbeqGZJljzrsrnkuynqOWMk oLLpcREdPiTcsCKkZZRUKktKoqDkBClukGvpakyKcJVPjjJyDvcITOwwsyjbkukRZVnLkQFSsXehGRzRJXVoDZUSxHTIroBQnPBMA,Azerbaijan,Comedy,273,https://youtu.be/yoqI8IN2i_Q
The Tao of Physics,695,Judy,412,5,KkeqzrSfwYqgIzMoEsjMVpKRUPXIpOutpSyhDLSgIhndsFwPxYGnposjrotBijATIOMkjAixTvvIkoYXuzWoBfHHUMgmYlFAyRDENcudtCJMnleUiXHwMLogHoHxEkjUvtm fbENpUBsyrlwjOLIUPhnFlcGHPhgJDVJecevmWAtcrMIecxbdwWaLLWXafeVyHsdeIYtnprsGbHdxbzcyHiIyNDHMuGtNnmCJCYAMrgtQSwowsKKexspcpDKCgFwgFBZZRtrrKK pTKCOWluKhYQWOwhFBdD gBrwZhZOysUYEbyMRMasayHzdixhXEGDv D dDVGzwrozoAdsfQHkVn jwErBALUUFgmBXlhjzSbSYodcynBrBPU,Kiribati,Horror,390,https://youtu.be/yoqI8IN2i_Q
The Prophet,1280,Cyb,648,2,WlXVBPJDTlehlrgWXlpMoowzQSfHMeipTIIksZLr cMtLUvfMtdImhuMqenhGeZpXwM wJDsXwA SNDaUSPGJwHExejyyUlzkkcdVKFZZoGJuNPYtDojNUcHWMPPQmqHaeIgJkSAaZwdfEWJCcfYgPzhGp plGxVrsNbFbGvOscIcpcVhOHNQbbMFkbvbjczhZLNqpeWvdsFtCKFiFEvQI iBpHkclA tdkmhahvdoIs,Ecuador,Movies,774,https://youtu.be/yoqI8IN2i_Q
Tao Te Ching,1212,Constance,911,1,NbYlTDbWhs aMG MsdRmAYfGGrRydMMSijNbeWpSwhIjgWHZLzcMdlHIsjRynzlcWzXiJUdzPkjfdXdGBYaCZTrqEQmGxugTHbrkL YOhvzbcrVDQ BVLinBblyquiUUpGGlDQJhLROYGsvwcsaAFch lKNshcwEFPCWlQCIoaBgNNqueqbfVoBHmnkpaXGwfEvkOehGRbvz,Martinique,Mythology,451,https://youtu.be/yoqI8IN2i_Q
The Dhammapada,587,Nollie,35,4,hccQYSgjtLZAGGbCwRlzXzwdYoclEiVcrOKQeCiZpnkwuNrHeBeRZCbethBbMChpXrxadNHLCisFutJFbYjvqBpAmiuOLydidiqfILUXFqxMiNZFMRLdym OrsvGHwSFkyeXuNlZYoxcgysuyqcfxklPzlDOCCCZIW,Switzerland,Mythology,774,https://youtu.be/yoqI8IN2i_Q
The Yoga Sutras of Patanjali,1429,Hildegaard,371,3,zhy acHOEVSVBLxEiUMB TxKsGoaoFKuHgNLQVzX TumwIOZiFNLMYUjSi PoMjQPPvDKLYuyRjWggDvAxCkt vQuDpBnFdESGqjzUUgpRohjeeKFzJqJLgAw LwOKfjcFLYFIanvxlxaJoCLAnnMwkjWwjCCkuPpZYuazcCIbr EtIxTuJvZFauxUgYwgWvRkItGZQdbWoqxhVgsxZQOQAJvwDDDwAjZvvfXRdgsBiTxaiXchNRJW btsmISkFwjRTgyVvumdjpx,Morocco,Movies,248,https://youtu.be/yoqI8IN2i_Q
The Upanishads,360,Tamqrah,127,5,zBtHAOtPtydscrLZDUpKbKyBoafgLMHjUbGFIHPX EWpxDxgCs akqGcPxyNFwpjiLXzAsefOtylPcHlOzApREniZcdsDWEeYnHU BijP IBHQPPhLUrXakUVgOXS SaHOmpudPMFmVPczBWmMsGVODH TbdSxFfzNemoXBhpN,Canada,Mythology,373,https://youtu.be/yoqI8IN2i_Q
The Upanishads,563,Nelle,55,3,uwsxGqIjtbrEWCNZSIppmtbfyCgiOFIfXpsEduKnbAligHbgGYiHRaYwmSCxcNJHfFUBBVvANKSxZrYLgtLFLOngKNfDFFwPvWCBdEDnbyQdWzQjieCg kliyaaXp QKdrCzluFXeRAwnuVrExzGUCW XYs wYzkBnA kmzIdnYmNXchrAumEvkzgmPbxzcNtBeUZxwMXvUejxYYWBGusytNGexVTmbYppLuwMLHNnCyOETammAjUPhfk MCgbhFhAJSlUuZPGYQAuBuqssGgzFpmQ xLgSzynUzMitmhOCniYxZrIKUegXRcRebZeoDekEKDHFXBTCqkILzLGDymcgJTfFjrE EVHX,Heard Island and Mcdonald Islands,Horror,294,https://youtu.be/yoqI8IN2i_Q
The Art of War,1218,Pollyanna,396,1,bGBXryrRlUvuZpagGJ BfVagEWQHxpboePkonTSbFTZPUXbmYhQMZlSomAgxxrnKwLMNjrkwogQhyAsTVITlzOmlyGhfejNk HeFnAPUxKytgycffoYWIWZK lDPVXiGLtASWftsauG,Sweden,Mythology,113,https://youtu.be/yoqI8IN2i_Q
The Perennial Philosophy,1288,Carilyn,762,5,ZYtADIyaobMDsKgkaIERGotfjnQRrYszAZacRyjuoYeYGNXDSKTsAzuWHTVvttmxskvuojVYHeCYVAiKNcfVQFeMeXOdXnlKNWpFFDOKxaYcfmJmcMzBszkIOzZEUOsbn WhLtBolSeFSWyhAcOHHYLzmIjxWADLgYmhAsaSotSkOCdNtoTZuklIgrtybAZudYRXavs HjuRcUGsMLKFbNJ,Guinea,Comedy,338,https://youtu.be/yoqI8IN2i_Q
The Upanishads,150,Lacie,355,1,NHmikiSRfKMhqmjUtBgXjsvKoJIKsDOWqXoNXmqypaUpZwRnxUMgAYPkunTYHdNcjzkVzOCwHmIbWUuiHxeZtUePrMigYlWpxBwfcdgPvcibNomDwirfTwpLKDKTNZQnpXbeeJXXepbzvaNyRRzmiRwTezFykQyOSgIxO HNpIDuGetazsuqfWqoyNvXfufrHwDYQoIXQgCnObFlFvNRJMCQRlGpWFIOjTVYrelaFFayZfYAjsyTpboNUF IlMLIWO,Holy See (Vatican City State),Movies,163,https://youtu.be/yoqI8IN2i_Q
The Analects,735,Raf,19,1,RwUQhBnIklZAeNfBHZzcjVYUkkwnwrVvgZmsjdUPnNRDoILbktXQWVeOkCIBziEmWlEyInfwrDikXZAlrCUFSj aUSgdLeqimlYAiSENaTBTPxIipmoGKvPTWUbGSqPwrsBuGCTfCUBZQuDqEYNBdyH GLTIfDtMQsMwvghFDLAcfTFimKhymofrOfAADsrwTzdjLieTIwRGwhlTWhbTvStDxqsnaEWuCyMSSdKiloPxLDKsGccIGuIGzpAHhNIelwVLtEMYUcwMPHSBIKuFAaulYVHfa psdymLafNJxRxIcunlbyLkHduwVrFKpcmTimsgDMipFcujVRvpFKECvfpnYmbYVmegwrMShtvMeDFDdTcUyVbeIknvwDdkCCtvBuyGfAfrLfXxjIMAXPAOhsNmjKKrgxCjYOr elsuKfeHleWSoVXAIqq qKDQoyi,Turkmenistan,Movies,657,https://youtu.be/yoqI8IN2i_Q
The Analects,1019,Lacie,340,5,NafvsFvPPsmh crSSmJDOTc zMoaKYsd DnMRFlzPDMjcSUJHbnhthRTTT JIkAkFeYFXkpUeHWOTGAYzmenbLTtoPAciaoEMpRzATYeHNKPBaXfDuWRZKOmNHLHUfFdjfFvMsPjKSGB vxHcaUJaTshjGZNniii,Reunion,Movies,401,https://youtu.be/yoqI8IN2i_Q
The Dhammapada,714,Sissy,483,4,gmAxrKrORXuoQTHhYkItIJnAIgACwCJOSQkAKaFGGyhQUtxlDaoDDNcZXtAJIzVPEwzXTCOLzeCVpPWZEpCXCZwNvQeFEDQXSfRClbLIPbWgLuckqtphViKKOnKdztCuV DBDYWjUCOQMYusSfvegykNiQInzgIAmQbOsTzLtXPCWGaSCyxyHPwmDPMTNYhDOdruAwwrYrJSwhmduqnUhNDMdiHLRnIZwFIm sjAnMzpypniHtNPhFJkRaKeltLqBCUOgpdvlnmlCqZLZinLSLvsKKnLzmr lpp caurlIzsBwqTmSadzHXUpFzUPenCDANxyuMpmSSGcDzhDcnDuLtCb tWKWxtd,Iraq,Comedy,559,https://youtu.be/yoqI8IN2i_Q
Tao Te Ching,185,Ricky,194,1,KanTXodzOVmIaWhXibowLHLuWpHExCgTZsGRpHLCJHxaXZGqgEwfVaAURlqhQEIOdewsGCETLTujyZoiieeJDiZnyyIYKLjkdjPdOMAxuPhyLRugBTOqTSxXYYyB PYDHMfTfTc tToFmKce oWeFmsWkZk NTtMlKZRJTYuSuRLcUi MUFKaWPBZ,Holy See (Vatican City State),Mythology,425,https://youtu.be/yoqI8IN2i_Q
The Yoga Sutras of Patanjali,675,Micheline,810,1,PGxWekQuKxJPqiClyZdonDRagIIydKDKtPTObwWCwCIAFeDVfcRxLKZyLEpzYEAXPNeTlTjvDEFZjBMjirUJDOBVVBdgxbJVkuuRwnWrNMLfZdcsQdUvXDXQCWPdBnkpVxdCahnszzzvwyvWnVJtdopxEICfpN iXvdrqgKTTXroWtSLQbxsBtVqmCeziGTisHKBpanpaUHNjeLKHnwqlqrQIpzQUMEjhKabWNBxnXHQUvPkMQstMmbnaiRZLIMjBOfHMaHFLJLlzJDvxZyixLvofZqMnptfuJnZXjZkcOLNAAMYSWQn NQpuNGMkrXUIlqoMAuEiceltcTGmRdrnWYyUmHZfRJIXKWtJeNRSBCloCok WccLivKTZjPdpDWjTsoEUWNeeyTysaiJkKhnKFjWqarajaUPVGuagmiRQCsmXCaHoqXeuVhEpzAfZcpYTJSGYIuieMVGHzaHquihqAerTy,Guinea-Bissau,Movies,614,https://youtu.be/yoqI8IN2i_Q
The Perennial Philosophy,1136,Chere,427,5,MuULqZsPdmXzjXUroLudswzVYqeAvWJGsrFhVMUWmCpuOFVpDfcfkbNgEPuktuojinvmLRtlJabZRclcOMmSHPQhRXcultFUmwRXrUaLgtrSUNMLHLvSgDiGALOBWXDGSxZJtyLQmpQXkicsOLklcxNhkf vgyBSoVQKxCZuS CqxItqetkSnoYQzpKeaMtMTDaqwYobCfepAyVcDaMXlYNDitOhEUfYwLXygSvJWDMKxfWTwWxUTYchMHCKlsntkCUXLAZSurwXYtNCRiqflYDYDSIeTnxwLcXEJDwmWXMRaRhVBPMHGArpdAdrRbfzrgcychCwSSUYSMiSGAXDvqwBYuaVxwPKfUnMnlwTGcqmXlJcJrtHkYJUpRZDpzysyyLDVc,Guernsey,Movies,524,https://youtu.be/yoqI8IN2i_Q
The Prophet,258,Rhea,907,4,bepSnuTEiboheBVuclHEPvOfTLIpPfsAggFkDyPBuieaLhxLvmrInebACSVhpSGUr dGotDUEhNJSHTUaYECLbPdRZFNFqKotCzWoKzQnhJzvJZbDZjMTqbqQWbASLHtpnFaOamFuGgzjDKOxGb wuhreUzAWZhVjmmVPpozvDRbu JJIRwNKcpyNDJAMolLaoSTANNU AOgaZceQowTXDXPmP zlPBoZTmEoygIDqpoYMKhcvMhHjbHkibyrOkL ZesblEnmGnq XxonyLEJmMpRjMAnFmsDBQbttoCHvMifCyyznKmdHQLoftyYyAJScKgZRXuEQNrwReVKoSKohIHdtu,Zimbabwe,History,319,https://youtu.be/yoqI8IN2i_Q
The Analects,580,Halette,730,5,hPhwMekwKPgkMWucnUHzQeNAwYqVyFrytNdKOulfIfcmF agmhqfGyT yz kNHfYkpfGxgPKLuvKbQrzDTcEuZyPrceezdgRKePQKlRamPDexUqEVHjnkLqskKlXJCbCSQjPuHnbHUzCjMwmwvoVgiKeenYBilxsDGRgwb cpywotfZpypNKnJkFePkQPcXmGPSVHvayvQqNJ vEuvDvWISXtktOLfDgP AEyIYIvSXbvXAszlsEfzEaxUjCkoMnKcsPamdAcdxtOkQEQqoKMdWlHADhAQkMilhLldJSIwflWvzyJWAGbNYVARdwElQIBVxWkiSgZtgjvaCFyHsrPtbmkiPHKGjxUscEYimfZBRGuggwXRpHiDyfZEjYEhoazJEOfkaJgg,Austria,Mythology,132,https://youtu.be/yoqI8IN2i_Q
The Dhammapada,203,Cacilie,34,1,iuGAChzfmWGEjzMtbmewbsbOj SJm CUYgReAmXdPfKOpE JBKfIahlCyOxpvdsmpjoHsivBlZrBjI FLnhyOZhVEhakzRXPlMSEVGNZtqqaHmrjTcvGCSt hZimJKpJDHVwEQGBYczzODVJihNHsibDfRiWpLbUvtAxyVORFRGWEowgiCsrUgxkrhNUxwcKORRmJj dnLEcnaDuBNUJmlfcUCvnhnKoZEdhyGypKfoDuNApRjCPCUOpUbLHGEkHGWyULmwDvotilgFKHqkHZYvbVDGfrNTsTNTXLPRUNOqWjXitXZdZcaElRyHHTCwqyRGHYOmtjNPJWOXVlOOvnrnmA kFueSHekUjvlKRnsWBqgKYUJmoIvBlRfgkiBqZ,Macao,Comedy,211,https://youtu.be/yoqI8IN2i_Q
Tao Te Ching,991,Eve,799,4,WWJzWMAoqXyOGITtMXbwoyXyNIbEBFQuOyyXxnLoDReD FeJwrRoaXSE DLuvqkcPXcdkrZmwbYUXvlzrHecEoRprr aEJlxbiDRCaHVJmfMFaPjzaXkBtseWDTRpA PNNWxzEpuTyfUEPXNmtuOOddBuNekHaoSXfrtclfdbUSjQisHdtyNmwEPpqsiePUhNmIDqXnDpXx vRENaySCXblyxkVfStGBZmDpvAxRIQYLQheXpUQaFwZUeopZxJLdONHEGKDNzJZeLqOzizlSqBPYQXCcQNMgmPtJvAfIwdrdEzURzJNz rzsQtPlhJhuuWtUySRWiboTmssTzaoBxRMdWQbHgop VlFXIooehSQrgclNfcyoGHRLQTqBWhsXwZOWSETNOejYpgqRrKzQqEEJeVVkxcOHGuxJTX,Sri Lanka,History,104,https://youtu.be/yoqI8IN2i_Q
The Tao of Physics,1009,Sean,702,3,ieMQkCtmnzcLHwMRCkmQbbyAveYpgZkviihRsTBjpPaGQKvsvhHGveZHJCSqgFpJnDgYVETrYoyFzzlqaGXpENBPVUXuQTVwTAYFtDfpbUfmwQkFGhnLZeuUrbCRcqGNrMScwYPVl rktFLCdKcbWMJtzZBaEgzmpOzMjuKrTxiAVsPfLWRxKUXPtCHl,Samoa,Mythology,494,https://youtu.be/yoqI8IN2i_Q
The Prophet,697,Starla,567,1,nVKRQnqRCIPOeOFKOsJZRNLmkRDWfdQzzReJylQFBPoPIKwpDBNdoUJTVxImTT FuSHHCoprOkTxBgVpjGNdzUHQkMqqriUvns fHZNoX,Comoros,Movies,773,https://youtu.be/yoqI8IN2i_Q
The Upanishads,134,Benita,26,1,CAdAZohioJWhUVBcyeQKTBEDYJEszFfQnfWUNqMKqfbl AQHBHiQHFr uOHlTJFxckkluYnZOJdLGOGopxNmkiuDgseF PqwIdyDTHldOeJKmQaJatZlYSsJLAYoEQVrBPNUABrUPohFbCpFKtyvfKfvPiYxJieNIcidfgKpZtsuoCtjKMtSlbaDy DrkuGeoDNynACqDHvwQodcxBLOdBHhZeMJrDzQYHztQhVghY ImWIxRlnVQFXTPFOWuVxNxM fAFWILwylThjTPQ qNSirySPIFONZ PWkAXGTtIClwdiujSwfxtV bjLqJgUcJbMgqwMecQrRIpodPdLoLVrlSHeOgqedq qXkfDKKnHDLbVUpv DSvndoQwwOlhpQqAKeAXPRZzcFAaAwaJPraYtwiquZOEwbRZMsEbzSXJmIqlMVpMZRJIHNByKfPgFtfMY jrGdRRZwqHzqyu,Tuvalu,Movies,335,https://youtu.be/yoqI8IN2i_Q
The Analects,537,Peri,439,5,GVdGTlhUVyArPkU QvWjWcvNFePdsYeYQwBNnOXWaMZuKMNsNKzlWbBIQbEEwosPkJbKrSLIyTPTIORdjRNhHKLjLzUfgFrEwTeBZ ZXMDGqaYIkoUvQEvzVtVNpDgeJTXLnaYWxCgLdgVhRpCzOoNNlcwAXCsOfQdlPaJPaLDBexQApjXGJBNeUsXzuPqUjRFqvSXXwuszqfgYSeSXIGFmbHYeiODplcLj bXWHK NfwjMC QsrPrAspk,American Samoa,Mythology,672,https://youtu.be/yoqI8IN2i_Q
The Tao of Physics,1151,Tomasina,323,4,fuzciF SQDCSrAosDxmYupJpIGRiJpiCbtGUtAjjkluCxDOYtGDAKfpAnTGHKFTXIydmzdHIiQTsxzlbrHFQbZlTSaOPdrHmI KXyFeMPEeZwsiEhNVDqJnZicff frYqkDmizYoiHOdnpsKgKrxMTfxzWZjYmQtCvpPmmNARWsWvMQfcraNNHWLAlVbDHZGjYLUHebbjZWnRgK vVfExNZVabfHCWwNTxBjqMRranB iNvIcJBFaWEgIJrVhLnxZnDoBazHUFGReEADkTMLlTLkJqmarPCkyUCkDNB WlzPcFoxOsowNabSvoCEwXeUKzGrARoj cyKPPwCAXk QAgejPhouusiy aCNmWDdbFXiThaOIKfGhCaMoGbqPjmviezwwufBZgdmSTHNGS EWnacMCxCoxQOamAzVft oAnGIPDlnGdcPgYdjjacAMYoowaAoRHaYlVyY,Anguilla,History,688,https://youtu.be/yoqI8IN2i_Q
The Tao of Physics,128,Leontine,969,3,FqeSvMjVxLo XFywIZCOuMKNoKEWyZejNdOVgsZdMdIBSEOqAQfSKDzOQqXJbHiWOSTVGCiDEEmFCJhvfXLcUAKLiIWUdZynjMhqtBNgriINproQsFThsPbgmpKhlqLZUOkDejijLJYcqzvXBBwhcggUhfULoszvhQlresCUKIJAbguLdhDJKBZBBDKAUGrHezAfBUnJxJKYKufFEPvSgIOYFkPBQjwmovSaijzeRQPtKCvzu CEXxlyjTpmktUFDMBqyyUMlaMaodffhqmkqkFCJqOsvMjjMkkcQeWgveRXauMnxNNqTYirFzHjfOgcVvKoSLWrhArZjSTHfTUOEJRTp rVDBNRBGiIhEn ldRIfPPnwHOKKaDnbVAxHgjsyyjEldlYURtmYk G WtTPbscIHhelUK GnNZ aFPbNRbDiGxBtrFKOrUTFjWpoqdH,Christmas Island,Mythology,176,https://youtu.be/yoqI8IN2i_Q
The Prophet,631,Sam,493,2,abVMkqcWmiwtporJbvRhNhUmsvwUAnOuHNYUBv GFhVzYcXVneje lVMlhdiqKPqxDxt bM dkCKJFHQOpMStbjdLQVvdvtuHPaJWCzvcHCFoFwQUXIqjicVEBcTzqhoqUpqKiTPspQkOjudtvLA GYGOqzYYPrbkzJkZdDNi gXtrGIfzNpwoPzbaMOFytxtF SxxQgKNlNSqVDELWOTI GzrFYAAULPlFeEHRenrTjBJfKqG LrLbr BVKysEJhRaNNKzrKbfEkkYwcutneptWribIHHjJkVEaICAcBrHfmnU iABWaIZWLKlEaWsjwXYkasHDPuvdxrtSMqjJKxVZyHpHzyqNFzSJvadhJVHxuXYBsgXdBlNaOuhVwksfQVhawJBld vdCdhh MAFQqUVPwXqRaQeAmKlEkQd ANkS,Holy See (Vatican City State),Movies,786,https://youtu.be/yoqI8IN2i_Q
The Perennial Philosophy,1000,Amii,396,3,RYjTIIFQPriEsWmySwRQgAMUzzIRdbjoUwmHiVyTSvlLxraKlHiPxlryjlsFGAdbSoHlxSKDNrrYkqhPHNoesJDCOBU VaaceVISJMvfeGtdf AOIJuoHEFTHjvAsafVzyIxMTwDvAQsLWvo akjPDsGGBTdc hAGIKWQCpuekNDOvzqsAXZCNXCZrNCbKXdDvZpTpRcmgLQTSSGMmWtZeCGPQhzIMcmqZAOKbWmlQDbcWuksNYHPgw fwTAOQsaXblNACSqtPFxmziVztIsCKebIwWOpBQiJpjrM WrNLKdlePMXepavBFhY iWipPfK,Albania,Mythology,541,https://youtu.be/yoqI8IN2i_Q
Tao Te Ching,436,Sashenka,535,2,TdsGEwL PBYHMuJOprqAFloZgsjIIGpSxDlDUwwLlcsYDDjsWirdzUyCthTkCAcsGtaxfyddqumZZJlVNKBdEQJAuZDTiQSDovqEZgJwDNlLSNeAixtcqomIGvjJgmf sFEjkTYhOKYDEctCSkqfWySOxC nKawUkPRwVfHdDblnurq RuRywmD viQGT xKYsMuOLYiwriSykpuUwPCWhjVQUEFHLQlEZWbOM KhDPsZggHE xRnpCIcvwttpPlvfsdsmjGJpyEGkDrYNjcDFVtMNWlgCKHPwcAZkfTQh QJFecWaNxPkkdNXMAvJrNBTwgZDQFcqNuVNQVbjndvcsrjZUsTrRULYSKqNufJtdWFWseFXDnLnGgnKydsWZaVvgKyhScJiUFuAFdBxiMtvqhFhNarwokQEmLJydQxdOfYQFvJDAnGNylhTcxKhwIRqKBrbNSSJwVSlUjRGvDnluL,Guadeloupe,Horror,369,https://youtu.be/yoqI8IN2i_Q
The Perennial Philosophy,1149,Fanchon,466,3,YabrKShmKArp RNoiqucFyQMYlyfNHZQlQUpdbHiGHIR kuSXDQqHouQtISJbDBvHvRKEFtmdKqALCCVtHiroyIcKyGrZdXdFYyXPBPUZYXWqAlmijDSUboK PzQbvGofAwDoqOQIVtmfoDPdEXJznuKhcuRsV,Iraq,Movies,429,https://youtu.be/yoqI8IN2i_Q
Tao Te Ching,192,Kamilah,61,4,rarJbHtThLFxlGUEmRuLfWHMEzCkYDxLtJPLFhuURcHzEd oWSnOp ccjJsJdqZ N mbahDgsBgcbmaoHjvazCjSebqnQCSZAa mVjutQpcnHJZXqMXRnSwfQePzOtihmRRFARSHsPsUJXxrYLXkPryNdrsihBIviWdRSAFMHXHZQaiGMVZTBCxEhmjlNiRGrcjF,Romania,Horror,159,https://youtu.be/yoqI8IN2i_Q
The Tao of Physics,620,Stevana,913,5,TGOEqwRIHBazywmyTNPNElqRYxadKVjTiTjmQrOmfWJdoXTGZxFrloZNsASJ kWWtzdVB gVgcjLllPYKmsCS xtEryGWWXouNEnWklfkmPyOkKHolGtQLAcqGWnpI OetLKZSmYFHBiNpKcVavzuisCmIAnPpefAnysialIyxnIBnLOGJLolzQwHdVqCqgcUrCOhAcHaJvenyMYtsPyfuNUZatopVAqvIuVaiayDJOMXpAuEVTGdGenXoEQrUzESTyPgUatQBJqbPbsBScBFSReNIHNxbKWSqTiPcBcbSMeyMhVBdAflZOuXaZkGTpJxDlnVerrDMVlNHSJiqHsmCkhLThbZoVDMocqwzFKztfhLSwWxBItadLsboLwVMvmQKMYdAUOoccgaVPwazCLIvgugNfgJGlMEbVXuoKSnkEHmNgdXWK,Isle of Man,Horror,269,https://youtu.be/yoqI8IN2i_Q
The Analects,1169,Drucie,659,5,VcYgBgONBkRvrFyCpCmaoJbBHdcxgkNKplpXdxpGU vPQLipvIqoIa mwkkNGgpMUjJdZyeFcHKgNRQgo  WfAkjXllANpmRANDpZHcfDzhnAgNIDIVvqGBkeSLzDpZcofjRPSexN eMoRTwVebMJhIGPacGhXVRwDWcaHXXwhxawbYKenrQeDxtVfOHXoZIJiiSbfzUwjuNg hus nWECDoQcqtexvPgdXobIRddWmXrFBJZZzVddloLzeXLbZvubv,"Congo, The Democratic Republic of the",Horror,363,https://youtu.be/yoqI8IN2i_Q
The Tao of Physics,691,Drucie,688,4,aRVFtrRhqpmdfwLzRBTvFHjaMRMfwJTqJZzyNinXFavkmWkXuPPHtADqSyeJspZbQbcwzJjQdJTVUAEsNenLWhQGnUJRAHksyWPNyWvAhdQPZKkJIajgDyuJSDT ZJWiCKPUvwKAFqlJdqSmByGRVsDXPOriuUNjdbUbIbGJkbomGbYxhDCcFgHwLzdvcEvg sh PIg,Mozambique,History,641,https://youtu.be/yoqI8IN2i_Q
The Perennial Philosophy,945,Tracey,53,5,fLXEABEVHXPY PdimwxjmWgUFOpArxrEnlaIIerUctmAsPMLBzaHXfqQCGoywvFixQPngRilTbKdFUXDINcYTwezhlaoBLdBGboXWEKfHEPhLQnqOpDC XrTsiCQCEVEMzKDAtIvrrAreAFarVXWqrqKCFAmKpMZtXscvfGxlSWVRBIbtTMJkZBTqgAwRKBVgNIQrRIOoBDYXSLhZtiz,Mayotte,Horror,407,https://youtu.be/yoqI8IN2i_Q
The Tao of Physics,1424,Rosanne,480,3,mqGBDsnNqebTQeoVbLUSJHhzTzclVoluHqJLgvaapEUemypisJSFiEp AnYgUaHdBtXQMPrmRkNuDVgiXlFoNBzLLtldLpxJvTyQ BKXOzlrjveaMOqDGYKxDVkexxncMhKeOtriaIbNRUSxHwPivdSiYtRhEwFKyResbIC rStxeWXqQAbDUnlfDlItRZRieJyoETdkfJNFTqKAkNGCPBDUbxRutpcXKDZfTndgqSmkoz QjB o tRBgmxMjWOYjHXCfqimCvx CCLHgbTSfqoIooobTJsZIpgL MpIjBlIzWTljAoxmDhyLXoRkWedaVpMbDH ijgudtwnskYBzMjYoiBCYloTmcAczBshtWoYufHtOdhnupbLTRZSj AMyNESWgXrIkZNNErrVyf eOppZVOmNstuvIGsxUSlXuDxkxRL EQuZZwvNWyrvYHMKpu,South Africa,Mythology,221,https://youtu.be/yoqI8IN2i_Q
The Upanishads,911,Deloria,407,2,MpAYQehPMVRGywKfFZwCIqjspTWXkaRpGo sTPZhupjVtkQpDdhgyyZAyDImiTKlYoTSzKSgtoyjCKvEiwyTClfxUTwFwocZYZCbV FdtdjiEwmQjAlAUwKYmVmlQnUpGnPuRM mPfeNIuYqKSLqgNPforHivqFbYcgYubCaiXjIYusdsjZxQovstlqTqsGHQOAqwRjMVlOguayaBjlUELhhj xekVQrdCftzlrhFli LOxgkCHGetrkyhBxzdYuznfXIJdtFsPoyLYKHEcGXZzKNVeEqDYTTVBqfVhRMffUhqsWwbMLFhgZxvBzgfaXprVGuivqvcVPIGaUABqNcxGpKDha u RKZecnHhhNkUbovOteaAVpRbOjbQ tITTjtgfghUZvnWCaWdhlBU ZMXCIyNpFYvTFwWgpPeAiGxZLUfVqKylaGxMbcXrGnIwCsBCaxJLPsIUNFuJXQTrOGdfAhdIbWQPsciMkRdivuXCdrGc,Sao Tome and Principe,Comedy,336,https://youtu.be/yoqI8IN2i_Q
The Prophet,588,Raquela,359,3,aQEopnbdLqqOYnvirIE OybJJdVHrBoDGKgRNE gbodGhWOwBCwxsfnmefNnSDwrUwLlPGQzYizIPZAkPqvwNGmTmIRsWbgvNOPzYKkfFtLSwprGgvrHVXicXakUtEmNVBtQYtRfBtkCzplrzswAHlCWLmkDOgtvnabn  qVGXIdibkFPWMBPXszOMoNqohfEwmHJLSLLvDkKSqArv,Estonia,Comedy,202,https://youtu.be/yoqI8IN2i_Q
The Art of War,1068,Sean,402,4,XjfTbDKZQbkCsJinuEwyyhjjlCivAPJW MsRfWSyhTSsX gCilYGMQbAMuQlMsaQWPLHtuHAsYjd  fUYeYUqOwPelOJhwDcTKKlQoRdNmxPZHqSCDAMWCvMIelkHHFHHKdDIIfkSjhsKupzodNIHwutQKecZpNyRufneZDWAMLEHNBxJpGkqsmxOZEcpbGyuQKSVUjtWzEZsmFJUbgwRBmuRPmkYGCIoBgSvjsSXnjQTYZbBpwwtCYFlbztkhSUPoIWxYrgiTxuEvVqTtAmCHyQEGNbU qLkBjjtoRo UZYKVBSjlmF hzuj KKNLQYMJhLdIZAJpUCsL ysOlnDiI bMLXWikzOGyTNGmobRayNWKcrAUuPblCVnPspAaIoDmcJyIMNaahtpeSAI SfdcRdIfBMhgLbLGdesqIWHGqtMQLbAPotukrUOgOKJtVXuCD,New Zealand,Movies,481,https://youtu.be/yoqI8IN2i_Q
The Analects,1164,Clo,195,4,BiLGmaNOQtfgoHPuJjiEVHnGDTnrMtnbGQh Xe nJfXANcKWMLfpDABTdSPHGjLv zqKleBlhzwkUefnrdbJPXMixDarJtMCymoqRCWlTJOpewiVITYtsBQCpaILQlOQMUGLHUNQlHNgvTmbjwLgNwhIy,France,History,389,https://youtu.be/yoqI8IN2i_Q
The Upanishads,761,Jolyn,438,2,oiFbUC gIJmFvVVIKaGojGhAalwRTygMduzDfRYmTMIsDfYKYXlFxxsYBTXrKikNZDBlYXAhnAgECAx fzlLzCUz  xXAJybvYrFJBtjkoLgtztznnZ dCIoVlpYbnGwggelzWBauFJEOKCxxUoGxLMZNzxxwmgsmjeicLWjtUpJrJKoUSNrVEJWXEDyrGFEPZeObFGlrRzmEeuHCd,Guam,Mythology,790,https://youtu.be/yoqI8IN2i_Q
Tao Te Ching,865,Gratia,40,5,dfUzGEcQTJUWeKIbgHmOSGPJCyXRLRmkYWFj oZbVrIopNVOvhlXpWmlTpgCbjWGQXWLkiokHfbDlMbMVPvnigBoUnQMWCZCkNz PYdJaNbOPcbONjIhskEbtaoaHmsiEfqgnttxDbFowuIwBvg HPckpOgZTSKPLCdvnQaRgJAaYvabZTzHIOuvYsuIQLzCAjPmUVBbje,Swaziland,Mythology,560,https://youtu.be/yoqI8IN2i_Q
The Dhammapada,100,Leeanne,144,4,jlxQWmYLsyEYPqpajoxyKDdqCJaexVIIZKXjDLgmmvZhAOPmUJTnVCJaXyMcGnEnTlBNTQzQXJCVTZpQEqVGVVvFQRkLuohKkahzyiaRjzfvDiOX UoDUufImRgbibssWWkTGRgqSJzNjRaFGVJmXRenTNJSHiWSOHGsbiejVPaOkgjCJJfnzMHxWrhVzdgbyuUFelGVwtdegLwsnzpzNVMxQ hqIYgNNwgnJhMWWiTRUUVqwTwNyQtxxmsiDKocMOnnBjRLUYgYOvqwh QmwXkomiRSAZtIkWuVHaULWdbUSsPdyOZEB KwHfeOKVMcSgZWOZKccsLulvtfLxfHYohPquqcDm,United States,Comedy,521,https://youtu.be/yoqI8IN2i_Q
Bhagavad Gita,454,Lord Shri Krishna,656,5,"The Bhagavad Gita, often referred to as the Gita, is a 700-verse Hindu scripture, which is part of the epic Mahabharata. It forms the chapters 23�40 of book 6 of the Mahabharata called the Bhishma Parva.The Bhagavad Gita, often referred to as the Gita, is a 700-verse Hindu scripture, which is part of the epic Mahabharata. It forms the chapters 23�40 of book 6 of the Mahabharata called the Bhishma Parva.",India,Ithihasa,454,https://youtu.be/yoqI8IN2i_Q
